Laser Delay [ns];TA1 [mOD];TA2 [mOD];TA3 [mOD];TA4 [mOD];TA5 [mOD];TA6 [mOD];TA7 [mOD];TA8 [mOD];TA9 [mOD];TA10 [mOD]
-400;0.111371;-0.087181;-0.141566;-0.057408;-0.126726;0.074163;-0.185547;-0.043801;0.180698;-0.009068
-390;0.127154;0.018879;0.216065;-0.021752;0.076164;-0.134125;0.011051;0.047739;-0.012650;0.020106
-380;0.007974;0.129451;0.122065;0.130614;0.062022;-0.064348;-0.001184;0.054901;0.118428;-0.065867
-370;0.141069;0.012846;-0.232218;-0.103704;-0.048533;-0.020116;0.014208;0.106551;-0.061337;-0.013404
-360;-0.150543;-0.008025;0.082061;0.005935;0.027611;0.008677;-0.183237;-0.108256;0.085909;-0.067008
-350;-0.006758;-0.233343;0.044352;0.068804;0.056489;-0.058400;0.078192;-0.167550;0.113729;-0.073664
-340;0.114946;-0.013607;-0.024547;-0.078772;0.050091;0.091526;-0.002765;0.109374;0.059830;-0.073315
-330;-0.209944;0.213472;-0.013466;-0.108781;0.028028;-0.077719;-0.007893;-0.215057;0.055925;0.032698
-320;-0.041396;-0.031529;0.045552;0.113122;0.036706;0.146833;-0.096764;-0.099986;0.033733;0.055973
-310;-0.001592;0.051459;-0.031277;0.108842;0.080494;0.119222;-0.024497;-0.145827;0.077013;-0.109092
-300;-0.002387;-0.029084;0.171615;-0.242713;0.197646;0.172086;0.192356;-0.113485;0.029007;0.171437
-290;0.215956;0.015132;0.059050;-0.161868;0.011844;0.107327;0.018564;0.079459;-0.031803;0.002364
-280;0.015916;-0.045760;0.150707;-0.072779;-0.129497;0.001580;-0.134359;-0.137608;0.207883;0.187174
-270;0.163144;0.022281;-0.140023;-0.255705;0.170489;-0.022506;-0.062836;-0.042284;0.055292;-0.196460
-260;-0.033403;0.016300;0.131708;-0.052626;0.022507;-0.017373;0.124070;0.129674;-0.089467;-0.110004
-250;-0.047296;0.038956;-0.096797;-0.114355;0.033570;0.095576;-0.093583;0.180605;-0.087453;-0.095413
-240;0.012319;-0.016306;0.003970;-0.127497;0.080197;-0.034751;0.035524;0.175193;0.021073;-0.003154
-230;0.087337;0.025033;0.057236;0.055748;-0.009085;-0.107057;0.017754;-0.001976;-0.166946;0.029565
-220;0.104320;-0.033367;-0.029794;-0.016225;-0.133071;-0.167392;-0.038299;0.126457;0.162649;0.189972
-210;0.005147;0.114899;-0.016299;-0.039571;0.170277;-0.122055;0.059186;-0.024880;0.092137;-0.017731
-200;0.180199;-0.229670;-0.161855;0.030061;0.005135;0.086596;0.031180;-0.077030;0.038518;0.100965
-190;0.015817;-0.069480;-0.010347;-0.129088;0.073098;0.052120;-0.076976;0.104663;-0.106733;0.033911
-180;0.001977;0.146695;0.101838;-0.030463;-0.077028;0.052538;-0.092008;-0.023675;0.009509;-0.041426
-170;0.002371;0.032552;-0.005971;-0.132544;-0.054105;0.065191;-0.291193;0.063977;0.273942;0.025990
-160;0.106029;0.309772;0.107142;-0.077872;0.062065;0.106204;0.121572;0.031971;0.022945;0.014176
-150;-0.081512;0.033799;-0.060497;0.039545;0.031211;-0.012247;0.022896;0.020517;-0.116604;0.091731
-140;0.008326;-0.054454;-0.019885;-0.065263;0.140326;0.066045;0.037550;0.074970;-0.062434;0.099631
-130;0.101476;0.024632;-0.111410;-0.045505;0.045831;-0.305456;0.026863;-0.053683;0.058076;-0.085093
-120;-0.115476;0.075188;0.119776;-0.037553;-0.043847;-0.133186;0.071518;-0.057232;-0.115003;0.086283
-110;-0.121888;-0.073568;-0.059676;0.063292;0.064490;-0.124064;0.252586;0.211308;-0.031970;0.024798
-100;-0.268148;-0.113439;-0.151969;-0.009897;-0.115299;0.013036;-0.021345;0.024879;0.074988;0.199011
-90;0.048238;-0.132129;0.051727;0.055380;-0.009486;0.011458;-0.021737;-0.034738;0.111197;-0.055914
-80;-0.021125;-0.132147;0.153249;-0.075175;0.082685;0.122104;0.023322;0.195308;0.176769;0.013006
-70;0.104484;-0.001990;0.016303;0.021753;0.041920;-0.014217;0.047427;0.039504;0.031572;0.235817
-60;0.015860;-0.036202;-0.046547;-0.086233;0.033207;0.148069;-0.033220;-0.050128;-0.055200;-0.037439
-50;0.105217;-0.129772;0.022266;-0.110706;-0.120524;0.089259;0.106368;-0.046192;-0.013405;0.159506
-40;-0.147749;-0.127808;-0.100937;-0.312028;-0.049804;-0.163847;-0.118945;-0.151572;-0.162826;-0.295710
-30;-0.362621;-0.384277;-0.556925;-0.565399;-0.634658;-0.231189;-0.455424;-0.427175;-0.463226;-0.497607
-20;-0.954815;-1.129737;-1.187561;-1.106775;-1.031738;-0.972690;-1.124036;-1.062332;-0.973412;-1.042890
-10;-1.661185;-1.886896;-1.852163;-1.740282;-1.747219;-1.929637;-1.914507;-1.810136;-1.968664;-1.644339
0;-2.890622;-2.668593;-2.672886;-2.781066;-2.737052;-2.820324;-2.737779;-2.785220;-2.671334;-2.768171
10;-3.468686;-3.527528;-3.525966;-3.459174;-3.563014;-3.563813;-3.414126;-3.436842;-3.361623;-3.468457
20;-4.071413;-4.234822;-4.013901;-4.040531;-4.302690;-4.176838;-4.148357;-4.089827;-4.209699;-4.522552
30;-4.873678;-4.681534;-4.725803;-4.874537;-4.837257;-4.637432;-4.717802;-4.644508;-4.704057;-4.766864
40;-5.165127;-5.220162;-5.376867;-5.373401;-5.383053;-5.339672;-5.315973;-5.417847;-5.351390;-5.362893
50;-5.830787;-5.924164;-5.774240;-5.962804;-5.640738;-5.674349;-5.837221;-5.670648;-5.723379;-5.750659
60;-6.078641;-6.350299;-6.322134;-6.186500;-6.301343;-6.205802;-6.195116;-6.180228;-6.270623;-6.219434
70;-6.463563;-6.548814;-6.556790;-6.840001;-6.588271;-6.669058;-6.595713;-6.544006;-6.634420;-6.508657
80;-7.016803;-7.068596;-7.080397;-6.966797;-6.872410;-6.960815;-7.144469;-6.950259;-6.958907;-6.999624
90;-7.145057;-7.134266;-7.319393;-7.327420;-7.373439;-7.189376;-7.047783;-7.152493;-7.235121;-7.165422
100;-7.291566;-7.187423;-7.102078;-7.153965;-7.073969;-7.102419;-7.100896;-7.149635;-7.043708;-7.132585
110;-6.668844;-6.901252;-6.855812;-6.706143;-6.854277;-6.831753;-6.959165;-6.787467;-6.825570;-6.782103
120;-6.287131;-6.419779;-6.452411;-6.342731;-6.373669;-6.430777;-6.296909;-6.402287;-6.411005;-6.297910
130;-5.935372;-5.860261;-5.983677;-6.151129;-5.961025;-5.934951;-5.908722;-5.937013;-5.735947;-5.838981
140;-5.465308;-5.407356;-5.517975;-5.485008;-5.522178;-5.512607;-5.656404;-5.502581;-5.526210;-5.471196
150;-5.165960;-5.089337;-5.210915;-5.068937;-5.036164;-5.032229;-4.969103;-5.057347;-4.981491;-4.944401
160;-4.684287;-4.835642;-4.728336;-4.716646;-4.834089;-4.709422;-4.746530;-4.724226;-4.720773;-4.592840
170;-4.467879;-4.395856;-4.282799;-4.330943;-4.562726;-4.318892;-4.367087;-4.134919;-4.310293;-4.508239
180;-4.056538;-4.066757;-4.193315;-4.085582;-4.145257;-4.110332;-4.143803;-4.170772;-4.063599;-4.185420
190;-3.897980;-3.820426;-3.852841;-3.908266;-3.729495;-3.782986;-3.678021;-3.805165;-3.805750;-3.776501
200;-3.313584;-3.601202;-3.670610;-3.259266;-3.623873;-3.412076;-3.728532;-3.603451;-3.517888;-3.844945
210;-3.252124;-3.575756;-3.369938;-3.261065;-3.510838;-3.201660;-3.357980;-3.286344;-3.479392;-3.373846
220;-3.050456;-3.194323;-3.025739;-3.083361;-3.004583;-3.105528;-3.058296;-3.183129;-3.114216;-3.212885
230;-2.794216;-2.825070;-2.867578;-2.820496;-2.900221;-2.797668;-2.983759;-2.988263;-2.918361;-2.754604
240;-2.742861;-2.767804;-2.697060;-2.657299;-2.696753;-2.687406;-2.622740;-2.805194;-2.778136;-2.832641
250;-2.563347;-2.537280;-2.568359;-2.716053;-2.528900;-2.711739;-2.500791;-2.572280;-2.463740;-2.561635
260;-2.220782;-2.252052;-2.397927;-2.411781;-2.687667;-2.438135;-2.273418;-2.428929;-2.470655;-2.365514
270;-2.317132;-2.187192;-2.214028;-2.284163;-1.997109;-2.297550;-2.137445;-2.148463;-2.088093;-2.215657
280;-2.205557;-2.204786;-1.936508;-1.974418;-1.886371;-2.066637;-2.127383;-2.232605;-2.093371;-2.149167
290;-1.885936;-2.155778;-1.846132;-1.893231;-2.217678;-1.777507;-2.037100;-1.885125;-1.955711;-2.056105
300;-1.856844;-1.924752;-1.859064;-1.994274;-1.813996;-1.780851;-1.765628;-1.832734;-1.846337;-1.871955
310;-1.672612;-1.649540;-1.546201;-1.622179;-1.823624;-1.911465;-1.686887;-1.663073;-1.538462;-1.584617
320;-1.691170;-1.618477;-1.641231;-1.545632;-1.449600;-1.628740;-1.576125;-1.598251;-1.589757;-1.589805
330;-1.414593;-1.419089;-1.573198;-1.455867;-1.430824;-1.389739;-1.439590;-1.506218;-1.264109;-1.590780
340;-1.520259;-1.355765;-1.321426;-1.389946;-1.306755;-1.440833;-1.293840;-1.294703;-1.385128;-1.382385
350;-1.242060;-1.284546;-1.329214;-1.265117;-1.161243;-1.163949;-1.296110;-1.181250;-1.210310;-1.319992
360;-1.229109;-1.057014;-1.305199;-1.171535;-1.152206;-1.093151;-1.165418;-1.357905;-1.205668;-0.795821
370;-1.042547;-1.064406;-1.147542;-0.982782;-1.198055;-1.048104;-1.118965;-1.075507;-1.174308;-1.081953
380;-0.910133;-1.005638;-1.083299;-0.979521;-1.056986;-0.977999;-1.117171;-1.089683;-1.104599;-1.135831
390;-0.984690;-1.046975;-0.977190;-1.032427;-0.938481;-0.932169;-0.908110;-1.021169;-1.038021;-0.957237
400;-0.998191;-0.886070;-0.927576;-0.767639;-0.895147;-0.790527;-0.987845;-1.039193;-0.996448;-0.947897
410;-0.752385;-0.744694;-0.807415;-0.833468;-0.949161;-0.836564;-0.813814;-0.972572;-0.845589;-0.803350
420;-0.665684;-0.771365;-0.818830;-0.708499;-0.828404;-0.874209;-0.970753;-0.761987;-0.873978;-0.748454
430;-0.791261;-0.684318;-0.881204;-0.801901;-0.821062;-0.698206;-0.739622;-0.764393;-0.531238;-0.774900
440;-0.730493;-0.523851;-0.906722;-0.964040;-0.599173;-0.712495;-0.575196;-0.459788;-0.814710;-0.781126
450;-0.642344;-0.728888;-0.637482;-0.612043;-0.674219;-0.626124;-0.595015;-0.638706;-0.538462;-0.540532
460;-0.466271;-0.754267;-0.723445;-0.491074;-0.503813;-0.351143;-0.724341;-0.619302;-0.775178;-0.702725
470;-0.610766;-0.492498;-0.641219;-0.499402;-0.474095;-0.408165;-0.541216;-0.555888;-0.636428;-0.622386
480;-0.701635;-0.691232;-0.388649;-0.595960;-0.620238;-0.540817;-0.566693;-0.361761;-0.632196;-0.543299
490;-0.559857;-0.411605;-0.423072;-0.431455;-0.465645;-0.623518;-0.405218;-0.557242;-0.493327;-0.513544
500;-0.550202;-0.514541;-0.466420;-0.416831;-0.507638;-0.661785;-0.561773;-0.293709;-0.451720;-0.331500
510;-0.368624;-0.373819;-0.584642;-0.470139;-0.237565;-0.262885;-0.245316;-0.300806;-0.537934;-0.503291
520;-0.552134;-0.280235;-0.290635;-0.441467;-0.357720;-0.368818;-0.222188;-0.490855;-0.334564;-0.520352
530;-0.355400;-0.198175;-0.357509;-0.343104;-0.323622;-0.411743;-0.668240;-0.214145;-0.417645;-0.419311
540;-0.498696;-0.421930;-0.426943;-0.337791;-0.331873;-0.446401;-0.502287;-0.392114;-0.347644;-0.516762
550;-0.285743;-0.226260;-0.274909;-0.365015;-0.281289;-0.070181;-0.473436;-0.156035;-0.186934;-0.411777
560;-0.335993;-0.255191;-0.283449;-0.316224;-0.197541;-0.338580;-0.145148;-0.625068;-0.391724;-0.440980
570;-0.231346;-0.357385;-0.032420;-0.345893;-0.244199;-0.166072;-0.213222;-0.137092;-0.275575;-0.267442
580;-0.151544;-0.382173;-0.095352;-0.321871;-0.196535;-0.237724;-0.516164;-0.161483;-0.188994;-0.257155
590;-0.118788;-0.150576;-0.130201;0.006331;-0.353917;-0.179043;-0.218795;-0.238305;-0.284349;-0.045990
600;-0.186956;-0.342349;-0.387814;-0.224886;-0.315118;-0.093201;-0.233464;-0.295390;-0.018518;-0.363287
610;-0.201777;-0.336125;-0.279404;-0.207803;-0.227053;-0.321808;-0.254804;-0.396995;-0.431401;-0.171532
620;-0.227338;-0.153914;-0.204580;-0.277713;-0.104656;-0.215873;-0.122354;-0.282074;-0.214639;-0.231427
630;-0.171121;-0.167653;-0.176576;-0.178356;-0.378401;0.001974;-0.241125;-0.157604;-0.262069;-0.053479
640;-0.210321;0.272292;-0.281036;-0.165213;-0.100274;-0.248569;-0.250448;-0.219551;-0.254867;-0.183568
650;-0.255973;-0.219098;-0.247534;-0.172549;-0.120856;-0.175537;-0.246414;-0.045345;-0.108783;0.110891
660;-0.221474;-0.200370;-0.193222;-0.080728;-0.060758;-0.028438;-0.055373;-0.292806;-0.069743;-0.055042
670;-0.164851;-0.162354;-0.200049;-0.155818;-0.251152;-0.120717;-0.168358;-0.227810;-0.064234;-0.104623
680;-0.197097;-0.303435;0.057470;-0.012660;-0.223797;0.012228;-0.278728;-0.055532;-0.209273;-0.005113
690;0.028846;-0.056790;-0.061437;-0.083893;-0.082446;-0.229740;-0.134187;0.028759;-0.019695;-0.105303
700;0.002404;-0.029781;-0.036431;-0.070463;-0.210001;-0.005524;-0.025262;-0.109904;-0.141952;-0.231616
710;-0.072123;-0.369071;-0.110803;-0.074022;-0.311039;-0.025250;-0.056434;0.115044;-0.085101;-0.188942
720;-0.008817;-0.002382;-0.002773;-0.055823;-0.205356;-0.116506;0.023280;-0.016946;-0.094535;-0.153083
730;-0.022022;-0.136214;-0.058630;-0.138999;-0.068687;-0.028814;-0.031561;-0.042141;-0.190112;-0.060920
740;-0.102174;0.013507;0.183241;-0.087111;-0.138877;-0.018564;-0.022487;-0.317424;-0.167814;-0.200281
750;0.076952;-0.196598;0.038412;0.001981;-0.320891;0.179840;-0.050101;0.066205;-0.043716;-0.121951
760;-0.103374;0.023033;-0.089183;-0.222000;0.000789;-0.029589;-0.192627;0.045735;-0.023652;-0.169610
770;-0.090146;-0.071935;-0.015825;-0.075700;-0.252435;0.075350;-0.147656;-0.034705;-0.021271;-0.188647
780;-0.048068;-0.133876;-0.102068;-0.383394;-0.092753;-0.052502;0.008689;-0.062290;-0.076018;-0.048766
790;0.199875;-0.036957;-0.105276;-0.053883;-0.026441;-0.123576;-0.050542;-0.084430;-0.416502;-0.223853
800;0.133387;-0.085367;-0.060587;-0.158254;-0.129979;-0.043014;-0.071920;-0.048137;-0.137548;0.034997
810;-0.124092;-0.011905;-0.004747;-0.151435;-0.212782;-0.123480;0.157103;-0.212560;-0.156533;-0.121184
820;0.065659;-0.097255;0.095387;0.119716;-0.138615;0.065516;-0.004739;0.066317;-0.010646;-0.052736
830;-0.016815;-0.130955;-0.188846;-0.120452;0.091982;-0.217541;-0.019338;-0.181930;-0.025233;0.267866
840;-0.057674;-0.081016;0.128184;0.100655;-0.211759;0.011450;-0.020934;-0.108568;0.017368;-0.021239
850;-0.028457;0.003967;-0.219688;-0.080802;-0.140799;-0.177656;-0.005528;0.097437;0.057601;0.034233
860;-0.075723;-0.099302;-0.104419;-0.062985;0.029615;0.011840;0.048155;-0.037494;-0.186866;0.044466
870;0.182666;-0.128650;-0.165048;0.128310;-0.106523;-0.007892;0.108619;-0.013015;-0.192969;0.001968
880;0.058950;0.144217;-0.138444;0.001188;-0.041444;-0.014603;-0.071465;-0.091640;-0.029613;-0.006302
890;0.075747;0.090098;0.036405;0.018997;-0.012224;-0.025257;0.047396;0.076984;-0.217908;0.064979
900;0.015216;0.046474;-0.020578;-0.018215;-0.106939;-0.019340;0.030011;-0.141379;0.021717;-0.052401
910;0.025657;-0.030184;-0.115872;-0.004750;0.081301;0.028406;0.080561;-0.103827;-0.005924;-0.071325
920;0.079709;0.090218;0.032034;0.195548;-0.103739;0.069066;-0.152556;0.037884;-0.057262;0.007487
930;-0.015216;0.020254;0.108755;-0.047508;-0.049349;0.002367;-0.039509;-0.056791;0.157687;0.221635
940;0.070127;0.063222;-0.057787;-0.164968;-0.108037;0.077368;-0.102691;-0.125060;-0.158791;-0.005919
950;0.060483;-0.067542;0.015033;-0.042736;-0.095795;-0.010259;0.058507;0.216336;-0.033952;-0.004341
960;-0.312643;0.039752;0.022970;-0.146052;0.120661;-0.146420;0.079016;0.011052;0.046635;-0.201557
970;-0.012421;0.052052;-0.059777;-0.197710;-0.068166;0.000395;-0.151584;0.019349;-0.085036;0.083181
980;-0.027657;0.123211;-0.044738;0.055758;0.089864;0.012637;-0.075373;-0.061199;-0.022520;-0.063075
990;0.016826;-0.117983;-0.033291;0.091412;-0.037060;-0.063482;0.046986;-0.142048;-0.004746;-0.048133
1000;0.018823;0.053232;0.046357;0.017017;-0.007490;-0.159085;0.028800;-0.020129;0.073202;0.076900
1010;-0.130244;0.104192;-0.069718;-0.023367;0.051640;-0.007898;0.029206;-0.043379;0.121117;0.139706
1020;-0.044876;0.001589;-0.049973;0.085941;-0.042565;-0.080138;0.160614;0.026073;0.029666;-0.123887
1030;-0.169857;0.008740;0.095220;0.099022;-0.004337;-0.137746;-0.063882;0.125576;-0.161312;0.033125
1040;0.132179;0.040486;0.067887;-0.277797;0.044955;-0.025667;-0.062304;-0.141043;-0.229914;0.018133
1050;0.237234;0.084185;-0.039318;-0.052277;0.041817;-0.127057;-0.097797;-0.191701;0.171708;0.120140
1060;-0.135592;0.011512;0.060315;0.142943;0.085693;-0.142474;-0.164853;0.082066;0.141920;0.233695
1070;-0.103696;-0.094118;0.086980;0.181398;-0.087608;-0.119206;-0.053212;0.005529;-0.031740;-0.002758
1080;-0.040886;-0.116383;-0.027003;-0.095433;-0.061569;0.139997;-0.033144;0.065502;-0.071043;0.234336
1090;-0.027251;0.022633;0.009935;-0.014268;-0.175835;-0.208391;0.006701;0.019340;0.182452;-0.213466
1100;-0.077324;0.123112;-0.026235;0.188955;0.088472;-0.100225;0.079671;0.082125;-0.112902;0.136327
1110;0.218965;0.125441;0.115233;-0.110184;-0.022919;-0.122782;0.009851;-0.008687;0.011912;-0.120813
1120;0.130570;-0.048459;-0.014302;0.040029;0.000790;-0.034362;-0.006702;0.051333;-0.042927;-0.071717
1130;-0.033655;-0.067472;-0.022666;0.147334;-0.070338;0.096704;0.018144;-0.061557;-0.036184;0.032299
1140;0.110448;0.326559;-0.034950;-0.082393;0.115411;-0.267641;0.065446;0.058812;0.269551;0.036258
1150;0.071269;-0.091722;0.030176;0.131385;-0.163627;0.052898;0.108032;0.016587;0.038570;-0.257757
1160;0.012006;-0.032937;0.015883;-0.007521;0.024524;0.108536;-0.042992;-0.099118;-0.135711;-0.013000
1170;0.015219;0.094446;-0.098470;-0.103768;-0.048632;0.044201;-0.006706;0.079779;0.006763;-0.172925
1180;0.221051;0.041672;0.265678;0.073660;0.109053;0.149121;-0.017350;0.158249;-0.023483;0.109200
1190;-0.042023;0.034146;0.081219;-0.023764;-0.026859;0.194571;0.101734;0.032743;-0.044584;-0.056770
1200;-0.008414;-0.034543;-0.021413;-0.031659;-0.029635;0.165101;-0.209393;-0.072256;0.273165;0.052060
1210;-0.100870;-0.010714;0.059057;-0.111300;0.190564;0.029219;0.144807;-0.067551;0.007962;0.039031
1220;0.014415;0.065542;0.007526;0.229300;-0.050548;0.102584;-0.024064;-0.125537;0.183576;0.013808
1230;-0.129722;-0.142248;-0.219123;0.059791;0.160671;0.109710;0.127019;0.058812;-0.018709;-0.055217
1240;-0.049240;-0.101332;-0.060939;0.109233;-0.153053;0.122282;-0.102159;0.078681;-0.019504;-0.100990
1250;-0.030032;-0.045320;0.048308;-0.087038;-0.006702;0.007494;-0.016171;0.095195;0.001194;-0.033520
1260;-0.128110;-0.029018;-0.007911;0.148490;0.083247;-0.074134;0.035501;0.217448;-0.002387;0.016936
1270;0.030791;-0.007555;0.017015;0.082722;0.022081;0.041010;0.132579;-0.052133;0.025064;-0.021279
1280;0.089578;-0.012734;0.019794;-0.005938;0.001971;0.001971;0.045772;-0.126754;0.005969;0.031912
1290;0.048387;-0.039393;0.120794;-0.003166;-0.092255;0.169450;-0.055985;-0.088847;0.042926;-0.002758
1300;0.390258;-0.022686;0.128941;0.037983;-0.190095;0.060702;0.156151;-0.067904;0.011127;-0.084636
1310;0.002000;-0.070503;0.025730;-0.052303;-0.037039;-0.047274;0.027606;0.033156;0.015482;0.003149
1320;0.046846;-0.100783;0.163471;-0.069286;0.050858;-0.158388;0.086375;-0.038685;0.072679;0.129553
1330;0.028802;-0.178044;-0.163149;-0.064542;0.136334;-0.191518;0.410809;-0.014982;-0.120701;0.014570
1340;-0.040790;0.113493;-0.082453;0.053491;0.228745;0.002763;0.095912;0.182260;0.090827;-0.006692
1350;-0.045221;0.176104;-0.020197;0.072464;0.007880;0.002760;0.214511;0.125056;-0.043970;0.083735
1360;0.068785;0.088477;-0.096557;-0.107740;-0.031938;0.032378;-0.110874;-0.115953;-0.000793;-0.052300
1370;0.017195;0.005180;-0.127898;0.010703;0.049661;0.058820;-0.099785;0.156900;-0.028946;0.069285
1380;-0.214800;0.006371;-0.101754;0.063305;-0.096212;0.011451;-0.001184;-0.157677;-0.169130;0.127932
1390;-0.018798;0.140631;0.020993;0.060190;-0.052025;-0.126248;0.196035;-0.015365;0.021779;0.007867
1400;0.035617;0.057348;-0.006337;0.040013;0.035872;0.111341;0.045359;-0.066279;0.090181;-0.070441
1410;0.205700;0.144563;-0.014270;0.085879;-0.026810;0.082512;-0.006314;0.066681;0.064477;-0.031095
1420;0.011216;0.064989;0.004755;0.126785;-0.076131;0.123126;0.017752;0.171923;-0.101582;-0.071565
1430;0.135365;0.090031;-0.013071;-0.077992;-0.066283;0.042612;-0.083170;0.050894;0.069928;0.042103
1440;0.082105;-0.045831;0.056242;-0.064083;-0.082060;-0.016966;0.036665;-0.053608;0.016976;-0.159789
1450;0.138576;-0.070114;-0.100296;0.068021;0.188117;0.344198;-0.109684;-0.092257;0.071439;0.136227
1460;-0.041705;-0.080482;0.062665;0.149478;0.117157;0.042195;0.165225;0.039856;-0.026838;-0.023615
1470;0.173953;0.128300;-0.042816;-0.122217;-0.109339;-0.001971;-0.018538;-0.079239;0.029987;0.109062
1480;0.089887;-0.103434;0.184939;0.043495;0.082840;-0.031933;0.162436;-0.010259;-0.034718;0.163431
1490;-0.111615;0.006360;-0.088666;-0.006729;-0.010651;-0.111980;-0.009844;0.293784;0.049676;0.098511
1500;-0.176504;0.080721;-0.205204;-0.056554;0.024451;0.044952;0.068190;0.026806;-0.082820;0.094994
1510;0.112837;0.067605;-0.039436;0.219848;0.025247;0.045761;-0.016951;-0.029190;-0.146638;-0.033491
1520;0.038958;0.090930;-0.126099;-0.025709;0.049315;-0.135299;-0.173211;-0.002761;0.007882;0.022870
1530;0.133731;-0.014291;0.066341;0.037562;-0.013010;-0.203850;-0.024450;0.145139;0.002364;-0.031549
1540;-0.022460;0.237008;0.064829;-0.071971;0.040630;0.016157;-0.025621;-0.012231;-0.063482;0.033914
1550;-0.019275;0.028988;0.148749;0.001187;0.092334;0.046109;-0.028386;-0.005521;0.103566;0.131177
1560;0.095385;0.067118;0.016466;-0.042369;-0.015399;-0.020897;-0.009459;0.021310;-0.011820;-0.061482
1570;-0.050125;-0.003575;-0.050633;-0.171334;0.115620;-0.102601;0.135218;-0.035859;-0.124014;0.011815
1580;0.012825;-0.033766;0.130792;0.048709;-0.031959;-0.086720;0.009463;-0.245311;-0.016931;0.011031
1590;-0.023238;0.008343;-0.217002;-0.059413;-0.070251;-0.042984;0.297294;0.087135;-0.137460;-0.153603
1600;-0.033218;0.055965;0.049453;0.247858;0.024479;0.085652;0.014994;0.046507;0.029537;-0.168193
1610;-0.014811;-0.055635;-0.028503;0.009898;-0.130564;-0.080953;0.033939;0.126061;0.213476;0.090913
1620;0.133644;-0.133895;-0.020426;0.065667;0.075361;-0.086080;-0.002367;-0.029957;0.115027;0.022835
1630;-0.012399;-0.021072;-0.008802;-0.243881;0.119135;0.034330;-0.063131;0.011424;0.024424;-0.087005
1640;-0.135194;0.001590;0.011978;-0.072866;-0.177167;-0.096793;-0.063461;-0.088699;-0.087849;-0.179577
1650;-0.016799;-0.029044;0.135956;-0.129018;0.019733;0.155171;0.146641;0.205423;-0.055542;0.042510
1660;-0.039964;-0.071122;-0.062887;0.145323;0.145251;-0.120766;-0.037088;-0.051655;0.032289;-0.059060
1670;-0.045191;-0.004371;0.122043;-0.056652;0.021309;-0.029196;0.123436;-0.042963;0.193414;0.055879
1680;-0.274767;0.038569;-0.167849;0.070097;-0.157458;-0.001184;0.019331;0.097456;-0.143743;-0.039382
1690;-0.040752;0.052886;0.024588;-0.077992;0.059620;0.009469;-0.044551;0.077314;-0.029548;-0.031496
1700;-0.004798;0.019484;-0.071318;-0.001583;-0.052115;0.002761;-0.000000;-0.125710;-0.016155;0.015352
1710;-0.008796;0.114869;-0.070921;0.152774;0.020531;-0.101774;0.055611;0.036655;-0.065432;0.021255
1720;0.155925;0.330284;-0.166692;-0.086702;-0.001974;0.184246;-0.007887;-0.150181;-0.087899;0.004328
1730;0.021984;-0.102569;0.012679;0.329192;0.006711;-0.068659;0.023664;-0.038649;0.159988;-0.057811
1740;-0.019177;0.118828;0.006732;-0.224400;-0.082933;0.053257;0.053274;-0.078837;0.061121;0.099497
1750;0.009998;0.150502;-0.000396;0.259401;-0.038288;0.112017;-0.101742;0.124201;-0.042571;0.011796
1760;-0.095546;-0.058964;-0.095428;-0.132977;0.172053;0.020910;-0.008273;0.005911;-0.048059;-0.001967
1770;-0.056802;0.042636;0.093423;-0.025325;-0.017763;0.016578;0.139613;0.088325;0.061100;-0.005903
1780;0.050356;0.087276;-0.142175;0.075099;-0.100658;-0.117899;0.044567;-0.062258;-0.001972;-0.070368
1790;-0.031607;0.102100;0.089499;-0.066830;0.006711;0.121894;-0.020887;0.237982;0.057541;0.066089
1800;-0.068377;0.069828;0.170799;-0.164453;0.090379;0.095866;-0.048078;0.057968;-0.097742;0.113598
1810;0.148336;0.026740;0.022966;0.021355;0.073513;-0.022897;-0.127595;-0.046540;-0.021276;0.009043
1820;-0.049983;0.009979;-0.145792;0.063265;0.091609;0.025644;0.152952;0.035491;-0.035884;0.105296
1830;-0.123952;0.085788;-0.119602;-0.073489;-0.009081;-0.008286;-0.272924;0.033128;0.029543;-0.200871
1840;0.009205;0.131294;0.007529;0.077884;0.071073;0.032332;-0.096630;0.087227;-0.051240;0.063301
1850;-0.112729;0.083806;0.001586;0.014237;0.011058;-0.084774;-0.183083;-0.091917;0.146162;0.064100
1860;0.000800;-0.143045;0.037299;0.134188;-0.011047;-0.071418;-0.066155;-0.072568;-0.041337;-0.051874
1870;0.034790;0.026703;0.090535;-0.222046;-0.044633;0.095920;-0.064609;-0.256100;0.155621;-0.176198
1880;0.263578;0.163972;0.151756;0.024514;0.173235;-0.029589;-0.099276;0.026050;0.150833;0.018894
1890;0.091211;-0.004375;-0.151032;-0.068391;0.015003;0.152332;-0.189987;0.016948;-0.000394;0.132977
1900;-0.046795;-0.184467;-0.133827;-0.153827;-0.024462;-0.037483;-0.024021;-0.070206;0.063816;-0.124452
1910;0.040398;-0.094137;0.026622;-0.015423;0.022901;-0.099378;0.103636;0.077359;0.037809;-0.058698
1920;-0.116651;-0.092101;-0.030225;-0.046269;-0.042626;0.020913;0.107970;0.007105;0.135550;0.226856
1930;-0.087471;-0.000000;-0.071263;0.204029;-0.037102;0.094686;-0.083541;0.136896;0.118986;-0.035451
1940;0.074749;-0.034901;-0.045364;-0.062116;0.053677;0.077734;-0.018931;0.134954;0.028733;0.067729
1950;0.047127;0.108725;-0.103818;-0.194384;0.202831;-0.114826;-0.036274;-0.072177;0.002757;0.208998
1960;-0.115103;-0.068259;0.066873;0.003566;-0.076968;-0.137365;0.026411;-0.034337;-0.168188;0.088255
1970;0.145781;-0.173758;0.165146;-0.038439;-0.073355;0.214436;-0.178866;-0.068616;-0.140993;-0.029971
1980;0.113805;-0.050827;-0.031433;-0.004359;0.132219;-0.042183;-0.068957;-0.181546;-0.140468;-0.220722
1990;0.023558;0.114350;-0.187404;-0.076115;0.031187;0.044185;0.047671;-0.224466;-0.048083;-0.064635
2000;-0.003195;0.047650;-0.027439;0.121394;-0.119150;-0.003155;-0.299329;-0.043033;0.019298;0.039845
2010;-0.007586;0.044825;-0.002384;0.065039;-0.031169;0.039823;0.079925;-0.064297;-0.014574;0.091454
2020;0.001197;0.047620;-0.059973;-0.013500;0.089234;0.170866;-0.121343;-0.070641;-0.117350;0.051665
2030;-0.079462;0.005556;-0.070654;-0.018650;-0.147537;0.003157;-0.065020;-0.033164;0.007092;0.161685
2040;0.046761;-0.113511;0.007142;0.015465;0.052459;-0.081676;0.042539;-0.010268;0.052813;-0.036708
2050;0.097819;0.140470;-0.049549;0.078512;-0.067493;0.011047;0.119346;0.031570;0.118457;0.048533
2060;0.054685;0.022988;0.032496;0.157506;0.079651;-0.055640;0.215761;0.033559;-0.010639;0.087286
2070;-0.043943;0.201474;-0.046732;0.133572;0.056373;-0.010258;0.003545;-0.066275;-0.021271;-0.126028
2080;0.020790;0.103160;0.132975;0.001585;-0.033924;0.189003;0.015343;0.055274;0.162179;-0.060907
2090;0.129052;-0.147499;-0.043936;0.115993;0.010253;0.021690;0.016138;0.005132;-0.071722;0.017402
2100;0.081082;-0.157413;-0.163479;-0.029691;0.007889;0.199506;0.049590;-0.046600;-0.069740;0.109877
2110;0.297386;-0.008724;0.032407;0.071654;0.078874;0.003946;-0.082729;-0.032376;0.154909;-0.059296
2120;0.023173;-0.036107;0.040729;-0.127411;-0.079290;0.107739;-0.000394;-0.107402;0.065005;-0.270332
2130;0.059941;0.037260;0.009885;0.010682;0.042597;-0.026809;0.033473;-0.006709;-0.196575;0.076186
2140;-0.073939;0.044432;0.084624;0.006724;-0.051652;-0.068599;0.085092;0.024878;0.035067;-0.038726
2150;-0.028393;0.127312;-0.026906;0.041942;0.014213;0.133286;-0.103974;-0.032744;-0.028758;-0.153879
2160;-0.025977;0.140954;0.043911;0.075142;-0.001579;0.099830;0.020480;-0.040638;-0.092221;0.071022
2170;0.063970;0.025797;-0.096441;0.003558;-0.007885;0.140834;0.034641;-0.067064;-0.055151;-0.052443
2180;-0.025160;0.017873;-0.064871;-0.009489;0.006313;0.037098;-0.038586;0.027626;-0.044106;-0.036668
2190;0.108709;0.034945;0.001975;0.074801;0.061171;-0.121801;0.022435;0.068643;-0.004338;0.074932
2200;0.097139;0.037747;0.150332;0.121753;-0.049330;0.090658;-0.005122;-0.076956;-0.043322;0.065025
2210;-0.019174;0.074260;-0.012663;-0.061311;-0.038667;-0.133313;-0.066922;-0.017738;-0.001970;-0.002760
2220;-0.053973;-0.093734;0.081459;-0.030073;0.004731;-0.089163;0.099644;0.047387;-0.016546;-0.027604
2230;0.127114;0.159616;-0.034022;0.161055;0.135731;-0.013025;0.096032;0.023670;0.005120;0.060746
2240;-0.044332;0.073094;0.015407;-0.132205;-0.020508;-0.068644;0.146025;0.058015;-0.032305;0.136476
2250;-0.042763;-0.137091;0.047040;-0.056585;0.067895;0.049313;-0.048400;0.066681;0.067012;0.033920
2260;-0.013981;-0.128327;-0.039939;0.001584;0.061594;-0.052445;-0.139021;0.035110;-0.053194;-0.003153
2270;0.145446;0.065539;0.077496;-0.052992;-0.142512;0.018149;0.086219;-0.081616;0.061525;-0.299384
2280;-0.001199;-0.007943;-0.013052;-0.001582;-0.185512;-0.144500;0.101913;0.057243;0.069734;-0.019709
2290;-0.031568;0.065146;0.239525;0.060902;0.041039;-0.001578;-0.072785;0.047310;-0.072476;0.036612
2300;-0.095531;0.047257;-0.060516;0.039164;-0.087232;0.137375;-0.056284;0.162562;0.075650;0.057484
2310;-0.017189;-0.084555;0.000000;0.095728;0.054889;0.035128;-0.018097;-0.095903;0.167335;0.013000
2320;0.031583;0.015886;0.027321;0.093004;0.020559;-0.223754;-0.130747;0.061951;0.048444;0.049618
2330;0.002797;0.121410;0.199393;-0.032806;0.061571;0.133042;0.099966;0.197811;-0.022437;0.001180
2340;0.192868;0.023016;-0.039154;-0.083037;-0.027641;0.005922;-0.025987;-0.090401;-0.076756;0.002754
2350;-0.081113;-0.016271;-0.019797;-0.226131;0.097930;-0.031592;-0.083415;-0.133795;-0.015366;0.016927
2360;-0.079203;-0.199503;-0.117481;-0.035987;-0.051357;-0.004344;-0.007089;-0.050518;-0.257045;-0.051950
2370;-0.049921;0.135655;0.092528;-0.084977;-0.137482;-0.055718;-0.062979;0.315872;-0.053142;-0.158189
2380;-0.053117;0.051157;-0.073959;0.083042;-0.058486;0.042715;-0.095348;-0.006318;-0.111795;-0.038151
2390;-0.117843;0.021010;0.020969;0.196600;0.039120;-0.075855;0.006694;-0.075795;-0.114524;0.001969
2400;-0.111919;-0.007137;0.066494;0.045496;0.041915;-0.052230;-0.025196;-0.060419;-0.059400;0.060610
2410;0.144183;0.034115;0.008699;-0.058881;0.000396;0.048263;-0.014169;-0.192267;0.017317;-0.074731
2420;-0.100244;0.019845;-0.058521;0.035183;0.033604;-0.207546;-0.046455;-0.161868;-0.036983;0.112666
2430;0.095144;0.023024;0.053781;0.080680;-0.116324;-0.176789;0.087854;-0.016182;-0.039763;-0.146117
2440;0.045930;-0.091199;-0.041522;0.069896;0.109130;-0.086607;-0.048459;0.023286;-0.192064;0.096565
2450;-0.136619;0.039655;-0.062882;0.140594;-0.044684;0.056152;0.021272;0.023673;-0.105877;-0.154629
2460;-0.009989;-0.105880;0.039952;0.037138;0.068049;0.132423;0.204376;0.106286;-0.053875;-0.089193
2470;0.095853;-0.005553;0.059340;0.085320;-0.026502;-0.023323;0.075288;-0.125111;-0.127086;-0.119279
2480;0.051535;0.148461;-0.071218;-0.063994;0.027286;-0.051404;-0.057159;0.082902;-0.000000;0.047781
2490;0.068787;0.178617;-0.064856;0.040326;0.094548;-0.107530;-0.125344;0.061163;0.117660;-0.138185
2500;0.049977;-0.094813;-0.037173;-0.214122;-0.021740;-0.159653;-0.134042;0.100947;-0.048436;-0.003159
2510;-0.131408;-0.019459;0.127442;0.013042;0.071944;-0.024916;-0.029988;-0.123044;0.057037;-0.175845
2520;-0.057549;0.107589;0.023740;-0.073910;-0.075063;-0.020557;-0.015009;0.055634;-0.013396;0.068278
2530;0.089883;0.072679;-0.063721;0.266301;0.045867;-0.090186;-0.097913;0.231651;-0.083147;-0.160091
2540;-0.100245;0.058763;-0.017426;-0.039906;0.065573;0.042258;-0.074339;0.046918;0.001575;-0.194460
2550;0.116954;-0.014293;-0.003958;0.056534;0.066754;0.171052;-0.101593;-0.108015;0.007085;-0.092994
2560;-0.029152;-0.108109;-0.026924;0.165225;0.184910;0.122860;0.085501;-0.127081;0.010643;-0.004730
2570;0.090141;-0.010330;0.065327;0.028061;-0.107812;0.028825;0.089132;-0.056393;-0.082316;0.070128
2580;0.042299;0.164115;-0.154131;-0.018581;-0.065579;0.064316;-0.094331;0.088780;0.103952;-0.057464
2590;0.028751;-0.043684;-0.058245;-0.151427;0.064358;-0.107085;-0.035296;0.038285;-0.085858;0.044489
2600;0.133191;0.038490;0.075606;-0.049466;-0.043071;-0.075314;0.118723;-0.061193;0.059890;0.063801
2610;0.083749;0.073500;0.174594;-0.005535;0.013036;0.122011;0.123864;0.077798;-0.072479;-0.128804
2620;0.086538;-0.134206;0.077159;0.115372;-0.009482;0.120772;0.061188;0.016194;-0.026776;-0.061878
2630;-0.048238;-0.157281;-0.051446;-0.022959;-0.047780;-0.083278;0.088258;-0.137185;0.019690;-0.016551
2640;-0.121988;0.104776;0.048283;-0.035587;-0.189360;-0.082086;-0.117709;-0.039193;0.057176;0.002758
2650;0.103997;-0.096865;-0.090306;-0.030468;0.095569;0.056868;0.022241;-0.024542;-0.148897;0.107263
2660;0.106399;-0.183381;-0.070076;0.064865;0.056452;0.185514;0.027422;-0.078834;0.032306;0.078493
2670;-0.101207;-0.077335;-0.180038;-0.125111;-0.024093;0.263954;0.006757;-0.004761;0.104446;-0.142793
2680;0.041846;-0.013095;-0.005939;0.039994;-0.019339;0.018533;0.182727;0.114739;0.128953;0.067423
2690;-0.090463;-0.079749;0.108124;-0.085149;0.060810;-0.057972;0.036964;0.087002;0.016951;0.060353
2700;-0.010356;-0.055152;0.054644;-0.028548;0.054899;0.103324;0.016290;0.154297;-0.248921;-0.033522
2710;-0.047429;-0.044034;0.150426;-0.049560;0.047767;0.051677;0.187718;0.054144;-0.082492;-0.136265
2720;0.033475;-0.008329;-0.030083;0.077658;0.116110;-0.150701;-0.052371;0.100357;-0.040663;0.181983
2730;-0.122749;0.042062;-0.108886;-0.114239;-0.060010;-0.130141;0.004361;0.011151;-0.063179;-0.026794
2740;0.003188;0.035678;0.170568;-0.011505;0.175270;-0.038261;-0.029298;0.049338;-0.018163;-0.039785
2750;-0.075316;-0.031307;-0.081239;-0.057934;-0.060059;0.070559;0.120639;0.108949;0.144154;0.064556
2760;0.045849;0.074919;0.040004;0.041670;0.094467;-0.002761;-0.049413;-0.176172;0.033584;0.034641
2770;0.262427;0.106269;0.076406;0.164294;-0.010660;-0.176201;-0.007504;0.013104;0.131006;0.018512
2780;0.084113;0.144017;-0.020195;0.057505;0.061568;0.021299;0.023698;0.011506;0.007105;0.070460
2790;0.058609;-0.005157;-0.017421;0.173480;0.112763;-0.032345;0.049300;0.088855;0.028425;0.097162
2800;-0.071772;-0.105508;-0.121183;-0.064684;0.030012;0.178712;-0.117565;0.041230;0.055282;0.001180
2810;-0.161041;-0.014290;0.007529;-0.071376;0.043418;-0.049314;-0.108033;-0.146427;0.134480;0.150677
2820;-0.002391;-0.092103;-0.076466;0.142375;0.020930;0.090715;0.009849;-0.045476;-0.104473;0.026738
2830;-0.003189;-0.068643;-0.007921;-0.243128;-0.044193;0.013821;0.027596;0.058956;0.063856;0.085385
2840;-0.052244;-0.169890;0.138752;-0.074061;-0.009867;0.076563;-0.029135;-0.064021;0.115525;0.158604
2850;0.068944;0.010319;0.085197;-0.026928;0.029610;0.094696;0.008273;0.088879;-0.031522;-0.078397
2860;0.032695;-0.007938;-0.128337;0.023359;0.097117;0.123167;0.128468;0.092720;0.196084;0.005906
2870;0.070894;0.036946;-0.100230;0.085965;0.007115;-0.031575;0.037021;0.020907;0.022848;0.044494
2880;0.053752;0.073821;0.020216;0.007126;-0.053698;0.067508;-0.046108;0.219666;-0.022473;0.083142
2890;-0.083658;-0.078559;0.018217;0.038384;-0.002368;0.022871;0.042176;0.134910;-0.095322;0.267546
2900;0.280541;0.015891;0.018220;0.113576;-0.129940;-0.072265;0.138777;0.104812;0.035863;0.039384
2910;0.061309;-0.066691;0.170322;-0.056540;0.004739;-0.066259;-0.012609;0.043368;0.069667;-0.014974
2920;-0.035064;-0.028175;-0.070480;0.037564;0.103834;-0.025258;0.021674;-0.061936;0.027991;0.046861
2930;0.186397;-0.002380;0.001188;-0.021370;-0.081779;0.038266;-0.015760;-0.065448;0.055601;-0.128468
2940;0.041818;-0.139255;-0.087949;0.190248;-0.124028;0.055220;0.051224;-0.073731;-0.060684;0.045344
2950;-0.072476;-0.043258;0.134380;-0.028085;0.094374;0.068250;0.065798;-0.063082;-0.182119;0.087482
2960;0.035460;0.091675;-0.132287;-0.040329;-0.016598;0.003943;-0.081973;0.018542;-0.011424;0.011032
2970;-0.066486;0.146425;-0.097416;0.046238;-0.235321;0.007889;0.029563;0.026025;-0.089806;-0.085114
2980;0.070146;-0.146438;0.208766;0.075168;-0.103572;0.109236;0.114293;-0.045379;0.038595;0.009858
2990;0.104721;-0.033322;-0.062561;-0.053032;-0.008703;0.121791;-0.090727;0.136807;0.009848;-0.151698
3000;-0.040220;-0.089615;-0.059000;-0.132856;-0.154004;-0.071801;0.068583;-0.122648;-0.007482;-0.057958
3010;-0.031850;0.147292;-0.166141;0.126161;-0.041190;-0.097384;-0.010639;0.007101;-0.072416;-0.192879
3020;-0.074841;0.306814;0.066904;0.132518;-0.103377;-0.018128;-0.039789;-0.005523;0.079915;0.052057
3030;-0.052578;-0.005949;0.031303;0.024525;0.103817;-0.080108;0.097269;-0.000788;-0.100122;0.151024
3040;0.050622;0.070574;0.108514;0.135326;0.075412;0.085918;0.089148;-0.073331;0.018913;0.027614
3050;-0.146194;-0.047210;-0.008710;0.001582;0.142786;0.244480;0.085948;-0.041002;-0.236911;-0.022451
3060;0.011558;0.036134;0.069332;0.096468;-0.059158;-0.026424;0.056390;-0.030361;0.067799;-0.063832
3070;0.079691;-0.059106;-0.020989;0.281653;0.081362;0.102134;-0.043377;-0.101279;0.016935;-0.108000
3080;-0.015143;0.058327;-0.028148;0.004350;-0.049199;0.229274;0.020119;-0.039007;-0.006692;0.275009
3090;0.011954;-0.186871;-0.059821;-0.098466;-0.002776;0.025267;-0.011043;0.108753;-0.082727;-0.050792
3100;-0.113190;0.175501;0.239509;-0.030046;0.049574;0.034734;0.118349;-0.213752;-0.033094;0.098910
3110;0.072167;0.031736;0.043990;-0.150539;0.071320;0.061589;-0.075303;0.044508;-0.089785;0.057442
3120;0.129154;-0.072962;0.080814;0.021750;-0.052680;-0.060358;0.001183;0.055569;0.007877;-0.166774
3130;0.086068;0.134801;-0.127117;0.075892;0.094229;-0.028436;-0.000395;0.054032;0.003941;0.012595
3140;-0.134397;0.010707;-0.067712;-0.022916;0.095286;-0.100200;0.287765;0.076098;0.119391;-0.162482
3150;0.119745;0.076522;0.080058;-0.134454;-0.053760;-0.079336;-0.001971;-0.163606;0.094938;0.014561
3160;-0.001196;0.063106;0.177761;-0.205148;-0.050150;0.060000;-0.058377;0.082391;0.004335;0.110657
3170;-0.000798;0.077679;0.039205;-0.009871;0.224091;0.018151;0.196295;-0.028386;0.129624;0.040527
3180;0.098002;-0.062565;-0.008719;-0.150916;-0.020923;0.033132;-0.014567;0.108397;-0.153664;-0.049165
3190;0.101218;-0.053106;-0.101803;0.146751;-0.008293;-0.113249;-0.027974;0.042202;-0.080404;0.058607
3200;-0.034667;0.167581;0.052669;0.083485;-0.166189;0.140940;0.096107;-0.111629;-0.007883;-0.144049
3210;0.113220;0.084339;0.100138;0.113923;-0.016975;-0.029996;0.026373;0.069767;-0.005516;0.135677
3220;-0.165038;0.023371;0.050297;-0.117440;0.099139;-0.275513;0.024425;-0.009460;-0.173818;-0.120824
3230;0.028703;-0.151433;0.030098;0.112322;0.003948;0.095523;-0.110633;-0.011831;-0.038214;0.047231
3240;-0.105533;0.116135;-0.025341;0.032428;0.184450;-0.156123;0.065737;0.022482;0.068938;0.104638
3250;-0.070508;0.045608;0.155288;-0.014637;0.032403;-0.090731;0.012995;0.002366;0.158368;0.035414
3260;0.012741;0.089955;0.024977;0.019398;0.000789;0.040636;-0.117740;-0.062345;0.100429;0.023202
3270;0.100363;-0.112555;-0.091459;0.049451;0.080163;-0.065889;-0.057428;-0.022857;0.044884;0.035014
3280;0.024712;0.091596;-0.078397;0.042372;-0.081717;-0.065142;0.018495;-0.013023;-0.178058;-0.009054
3290;0.009965;-0.003167;-0.056213;-0.149186;0.176934;-0.044987;0.103098;0.022087;0.039397;-0.084924
3300;-0.081249;-0.176125;0.012677;0.070083;0.077765;-0.101136;-0.103508;0.087581;-0.062967;-0.082186
3310;-0.060153;-0.102272;0.064899;0.002771;-0.150775;0.073066;0.314510;-0.226346;-0.062610;0.085403
3320;-0.186578;-0.097949;0.050237;0.085972;0.032762;0.048101;-0.077897;-0.091557;-0.122428;-0.066841
3330;0.155479;0.189094;-0.011877;0.090292;-0.015401;0.020907;0.086537;-0.117549;-0.135879;0.003146
3340;0.054595;-0.127656;0.066203;-0.037605;0.050555;0.055624;-0.042075;0.027609;0.017717;0.084959
3350;-0.048663;-0.033297;-0.000396;-0.015826;0.061991;0.098206;-0.145128;0.091536;-0.011812;-0.042865
3360;-0.022711;0.145364;-0.047078;0.053488;-0.065545;-0.064723;-0.099551;0.094719;0.116571;0.255420
3370;-0.027886;0.069403;-0.119500;-0.027322;0.006704;-0.013801;-0.002359;0.083307;0.045274;0.076670
3380;0.012753;0.082463;-0.070506;-0.132357;-0.129844;0.164072;-0.065298;0.025661;-0.010642;-0.169360
3390;0.012367;-0.001980;0.038011;-0.020603;0.051289;-0.137746;0.161995;0.159490;-0.079626;0.061688
3400;-0.044284;0.083681;0.237155;0.109786;-0.112036;-0.062707;0.034602;-0.001581;-0.005516;0.112293
3410;0.108439;-0.000000;0.048312;-0.057842;-0.106499;-0.015774;0.009831;-0.070705;-0.002758;-0.085701
3420;-0.032690;0.100717;-0.020975;-0.022988;0.051714;-0.083203;-0.120706;0.152867;-0.030367;-0.114678
3430;0.028712;0.129636;0.026117;0.007541;0.077304;-0.186269;-0.026735;-0.033225;0.033516;0.009430
3440;-0.100475;0.097568;0.012260;0.026172;-0.077310;0.072618;0.078736;0.049009;0.041826;-0.077783
3450;-0.026311;-0.070903;-0.035214;-0.206703;-0.009470;-0.156698;0.080634;-0.008705;0.035893;-0.046329
3460;0.076174;-0.160954;0.007909;-0.023404;-0.015779;-0.108093;0.184534;-0.182280;-0.065874;-0.003928
3470;-0.169021;-0.021811;-0.119008;0.126449;-0.020126;-0.055230;-0.070047;-0.081064;-0.022475;0.053032
3480;-0.052223;-0.098316;-0.013056;0.076981;0.145340;0.007493;-0.044874;0.030455;-0.065945;0.020046
3490;0.098068;-0.092851;-0.064064;-0.055866;0.058758;-0.095748;-0.059031;0.154232;-0.037458;-0.060878
3500;-0.096103;0.067454;0.082318;0.113981;-0.148805;0.087182;-0.125080;0.125253;0.040249;-0.132432
3510;-0.028726;0.015086;0.166104;-0.025740;0.091207;0.063902;0.077904;-0.119290;-0.034305;0.025930
3520;0.104093;-0.096007;0.027310;0.167576;-0.094791;0.131322;-0.093360;0.094791;0.099056;-0.005499
3530;-0.036656;0.065125;-0.041563;0.039609;-0.002370;-0.000789;0.093611;-0.068752;0.149119;0.124942
3540;-0.170711;-0.011920;-0.057735;-0.033637;-0.063971;-0.067092;0.063369;0.028832;0.011435;0.095052
3550;-0.074189;0.311190;0.034813;-0.051386;0.081732;0.054416;-0.004722;-0.073444;-0.046553;-0.008252
3560;0.014353;0.165368;-0.166156;0.134091;0.086099;0.139689;0.038189;0.062328;0.084354;-0.076643
3570;-0.061390;-0.031004;0.220848;-0.003556;0.050537;0.042213;0.029153;-0.001973;-0.067413;-0.080585
3580;-0.004786;0.010337;0.019786;-0.360485;0.011840;-0.182977;-0.022452;0.043778;-0.135285;-0.071928
3590;-0.090505;-0.043755;-0.001582;-0.118986;0.016190;-0.005916;0.040981;-0.013012;0.014194;-0.167798
3600;0.053469;-0.085957;-0.004746;-0.016208;0.109338;0.013807;-0.044916;0.016173;0.039815;-0.079837
3610;0.223318;0.019105;0.039615;0.142958;0.009468;-0.014191;0.010261;0.050844;0.047692;-0.121846
3620;-0.028314;0.039000;0.295349;0.010663;0.005922;-0.076506;-0.251282;-0.076457;-0.066979;-0.040515
3630;0.073442;0.136076;0.023344;-0.030796;-0.015393;0.121065;0.054773;0.015378;-0.035875;0.090105
3640;0.079418;0.044590;0.095758;0.001580;0.091918;-0.072568;-0.117818;-0.200997;0.065040;0.014157
3650;0.032737;0.011137;0.026514;-0.039109;-0.016575;0.063837;0.084699;-0.044939;-0.037801;0.036976
3660;-0.035166;-0.043333;0.016624;0.026470;-0.036304;0.075656;-0.143137;-0.115470;0.066668;-0.032676
3670;0.077575;-0.167409;-0.036418;0.013827;-0.091167;-0.103644;-0.020904;-0.195294;0.039022;0.059764
3680;-0.088387;-0.050497;-0.266841;-0.074274;-0.121512;-0.033897;0.038637;-0.056781;-0.103220;0.068456
3690;0.038002;0.117160;0.070819;0.082187;-0.156333;0.001577;0.063502;0.078867;-0.007879;-0.267112
3700;0.080442;-0.091307;-0.059401;-0.060872;-0.012236;-0.110792;-0.005523;0.028777;0.194395;-0.066115
3710;0.044063;-0.023815;0.062954;0.128772;-0.053269;0.056774;-0.066694;-0.009461;-0.087484;0.160165
3720;-0.080076;0.054376;-0.074457;0.073123;-0.032363;0.017351;0.058020;0.100178;0.024440;0.103961
3730;0.135893;0.115038;-0.039602;-0.149360;-0.035108;-0.097775;0.058741;0.043342;-0.103653;0.075530
3740;-0.344168;0.047635;-0.036835;0.096764;0.033121;0.154488;-0.001972;0.049696;0.111973;0.005900
3750;0.120848;-0.013484;-0.059380;0.013826;0.104265;0.024445;-0.112428;0.113147;0.035445;0.016514
3760;0.245225;0.001586;0.207467;-0.236797;0.140058;-0.050889;0.010646;-0.006310;-0.011041;0.034215
3770;0.025731;-0.037666;0.003961;0.046207;0.063944;0.080469;0.091466;0.087531;0.211145;0.137615
3780;0.001206;0.039260;0.114521;-0.028459;-0.184740;0.044530;0.000394;-0.055606;-0.087107;-0.180487
3790;0.075691;-0.038823;-0.074779;-0.168432;0.069038;0.045734;-0.123623;0.044126;0.136415;-0.020448
3800;-0.017710;0.088040;-0.056637;0.038347;-0.009077;0.092715;-0.139291;-0.018513;-0.312558;-0.006293
3810;0.085797;0.061872;-0.043156;0.098071;-0.052093;-0.001577;-0.098779;-0.037077;0.100935;0.021232
3820;0.017717;-0.005948;0.002770;0.039508;0.020919;-0.066280;-0.090465;0.068564;0.015758;0.003931
3830;-0.012500;-0.055960;0.091416;-0.027257;0.024880;-0.080551;-0.026346;-0.149396;0.040637;0.079427
3840;-0.001612;0.162214;0.167570;-0.026500;-0.014219;0.248810;-0.394422;-0.037823;-0.058351;0.145848
3850;0.145664;-0.000794;0.198025;0.046662;0.021335;0.294272;0.165304;-0.038282;0.051269;0.217090
3860;0.095669;-0.068283;0.042370;0.073210;0.095158;-0.182752;-0.048818;0.003550;-0.033118;-0.117950
3870;-0.005246;0.102783;-0.112785;-0.109159;-0.115312;0.067453;0.036614;0.262644;-0.081651;0.069940
3880;-0.129159;-0.000397;-0.037631;0.235397;-0.065962;0.063895;0.021644;-0.053637;-0.158926;-0.011792
3890;-0.041558;0.042088;-0.082717;-0.074400;0.336688;0.127823;-0.085450;0.173612;0.021285;-0.053042
3900;0.001614;-0.093657;-0.121974;-0.109506;0.185002;-0.009861;0.079962;-0.020905;-0.040223;0.115963
3910;0.020998;0.105658;-0.188057;-0.195677;-0.064370;-0.059575;-0.237644;-0.062764;0.068604;-0.055795
3920;-0.146752;0.219579;-0.075614;0.085791;-0.018973;0.039480;0.192767;0.051317;-0.077214;-0.002357
3930;-0.103610;-0.068742;-0.063326;-0.077090;0.186496;0.024456;0.051141;-0.059249;0.070988;0.155997
3940;0.119665;0.006360;-0.194434;0.018976;-0.005923;-0.014991;-0.019675;0.030027;-0.018143;0.066056
3950;0.055602;-0.116374;-0.019787;-0.144686;0.107378;-0.137797;0.072077;0.165804;-0.089907;0.045583
3960;0.213710;-0.082252;-0.021783;0.085381;-0.008685;0.051687;0.051190;0.044292;-0.150948;-0.043212
3970;-0.049876;-0.182420;0.164727;-0.115400;0.156792;-0.166940;-0.058669;-0.022951;0.009855;0.097823
3980;0.031766;0.043777;-0.012267;0.164354;-0.031590;-0.083249;0.112550;-0.033252;-0.047702;0.106908
3990;0.173279;0.037807;0.020566;0.069120;0.095516;-0.029984;0.119607;0.054678;-0.087143;-0.077004
4000;-0.289114;0.046543;0.045487;0.065970;-0.096371;-0.076517;-0.148830;-0.101832;-0.053962;0.063281
4010;-0.134135;0.044572;0.068076;-0.018173;-0.040618;0.003944;-0.005509;-0.003568;-0.027972;-0.130760
4020;-0.163757;0.020701;0.184228;0.217051;0.104246;-0.047358;0.107405;-0.047535;0.030719;0.404812
4030;0.026459;0.106658;0.028864;0.039898;0.101425;0.126616;0.012998;0.060684;-0.003943;-0.070686
4040;0.042892;-0.224938;-0.085817;0.214371;0.001974;0.114003;-0.064576;-0.063421;0.163972;-0.107719
4050;-0.071289;-0.107922;0.058543;-0.254817;-0.096687;0.122446;0.017711;0.256784;-0.059919;-0.038903
4060;-0.001602;-0.105074;-0.013456;-0.038340;0.054877;0.032769;0.002361;0.088499;0.021687;-0.062461
4070;0.040025;-0.039809;-0.095368;0.021734;0.167373;0.054439;0.071252;0.064193;0.140753;-0.035763
4080;0.092370;-0.041797;0.087880;0.134311;-0.198571;0.116496;0.040982;0.001586;-0.028371;0.047977
4090;0.045167;-0.074914;-0.094121;0.087755;0.078943;-0.006710;-0.244402;-0.140583;0.143396;0.021618
4100;-0.091536;0.108737;-0.112343;-0.141877;0.103474;0.041422;0.004330;0.204024;0.092540;-0.000000
4110;0.045528;-0.081249;0.078715;0.056093;-0.065538;0.072219;0.117679;0.028108;0.065406;0.049897
4120;-0.067853;-0.086848;0.007118;0.023723;0.012246;-0.092401;0.011813;-0.076755;0.097306;0.008252
4130;-0.021144;0.034658;-0.029680;0.028464;0.125200;-0.079301;0.097617;-0.000000;0.115400;-0.080635
4140;-0.069391;0.205599;-0.025727;0.067588;0.131991;-0.199177;-0.076061;0.084545;-0.191751;-0.044420
4150;0.023140;0.078070;-0.221001;-0.080570;0.081350;-0.063536;0.008267;-0.296480;0.050392;0.029512
4160;0.106394;0.071322;-0.066461;-0.043846;-0.034359;0.074982;-0.020082;0.037151;0.144900;-0.102953
4170;0.078810;0.074928;0.158293;0.114550;0.252780;0.022090;-0.075651;-0.029612;-0.046057;-0.069582
4180;0.009570;-0.018724;-0.018984;-0.121706;-0.039911;0.019347;-0.025219;-0.043850;-0.142975;0.029092
4190;0.105905;0.055790;0.132077;0.058076;-0.030398;0.089568;-0.106382;-0.036359;-0.018878;-0.036941
4200;0.121056;-0.168235;-0.000791;0.036361;-0.067505;0.118472;-0.022070;0.122498;0.040155;-0.081289
4210;-0.023089;-0.088906;-0.024502;-0.083308;0.170198;0.182955;0.016544;0.046993;-0.097148;0.103412
4220;0.056518;0.020737;-0.032825;-0.098830;0.085668;0.012631;-0.020494;-0.051368;-0.022460;-0.110119
4230;0.216014;0.029139;0.066436;-0.044256;-0.019355;0.060768;0.112315;0.152028;0.324473;0.085741
4240;0.173097;0.067429;-0.053406;-0.017397;-0.061995;0.007490;0.117472;-0.167995;-0.147336;-0.180905
4250;0.083869;0.147443;-0.051409;-0.187541;0.022113;0.173896;-0.016167;0.064724;-0.006296;0.009035
4260;-0.018708;-0.007585;0.182573;-0.019377;-0.165536;-0.049680;-0.008287;0.138652;0.003939;0.051909
4270;-0.101072;0.218588;-0.040738;0.000000;-0.046616;0.103664;0.078574;-0.076205;0.046080;0.070404
4280;0.152468;0.144262;0.122615;0.047122;-0.086524;0.029969;0.123825;0.064366;0.053923;0.046398
4290;0.013123;0.239582;-0.007113;-0.112776;-0.084489;0.006702;0.136795;-0.056836;0.074093;0.020425
4300;-0.278883;0.111815;0.135275;-0.190767;-0.118402;0.119879;0.099720;0.079431;-0.157700;0.012979
4310;-0.138071;-0.020763;0.054952;0.101688;0.004740;0.019327;-0.011879;-0.074294;-0.263309;0.070359
4320;-0.282026;-0.071423;0.103962;-0.067304;0.169443;0.157747;0.137880;-0.014620;0.156087;-0.175727
4330;0.030636;0.065381;0.028883;-0.005942;-0.114911;0.070113;0.137614;0.026067;0.001971;0.104926
4340;-0.016704;-0.034221;-0.037170;-0.158113;-0.061179;0.097737;0.106590;-0.015803;-0.014581;0.008255
4350;0.023487;0.001989;-0.047064;0.063028;-0.077369;-0.165564;0.012269;-0.115370;0.224613;0.336830
4360;0.149547;0.045702;0.015820;0.050304;-0.015402;0.001970;-0.140396;-0.005537;-0.229658;0.040494
4370;-0.169392;0.062730;0.008309;-0.282023;0.059951;-0.018924;-0.200474;-0.081035;-0.021685;0.120209
4380;0.072368;0.022223;-0.036765;-0.029735;-0.025279;-0.186193;0.005923;-0.135324;0.072918;-0.021622
4390;-0.112560;0.010706;-0.032030;-0.009509;-0.016571;-0.078493;0.031156;-0.139177;-0.071342;-0.025934
4400;0.040585;0.017048;-0.215263;-0.074428;0.044151;-0.078072;0.085571;0.040744;0.033108;0.072717
4410;-0.114196;-0.103916;-0.040755;-0.070895;-0.097545;0.026823;0.057515;-0.173113;-0.049613;0.022410
4420;-0.032610;0.048372;0.168154;0.125940;0.013822;0.081715;-0.008663;0.039904;0.051958;0.147450
4430;0.060840;-0.000792;0.098952;-0.020996;-0.172346;0.054925;0.052762;-0.164393;-0.022846;-0.157237
4440;0.095472;0.143171;0.040755;0.056989;-0.140611;0.072381;-0.159533;-0.143779;-0.083063;0.035374
4450;-0.041322;-0.011098;0.066470;-0.119890;0.067852;-0.107655;-0.050372;-0.053332;0.290413;0.023593
4460;-0.177370;0.036869;-0.133442;0.016611;-0.211993;0.047529;0.244511;0.103190;-0.012202;-0.183328
4470;0.065972;0.117069;-0.006724;0.078695;0.025258;-0.044799;0.040932;0.080165;-0.103876;-0.014158
4480;0.044107;0.163042;0.258586;0.070002;0.275575;-0.072992;0.082323;-0.089705;-0.068840;-0.014172
4490;0.073964;0.003570;-0.034808;0.032796;0.047737;0.155060;-0.065354;0.033950;-0.053927;0.003148
4500;-0.060414;-0.023419;0.070893;-0.068408;0.125919;-0.144491;0.072092;-0.157873;0.046837;0.069633
4510;-0.046533;-0.106274;0.024136;-0.269464;0.057601;-0.128069;-0.081164;0.083358;0.035029;-0.104711
4520;0.025849;-0.023423;-0.070805;-0.068747;-0.000789;-0.120115;-0.070919;-0.026458;-0.058674;-0.022046
4530;0.085879;-0.032944;0.082318;0.019761;-0.015784;-0.112880;-0.034282;-0.275708;0.071673;0.097279
4540;0.083449;-0.053590;-0.021750;0.101989;0.009075;0.022150;0.037040;-0.098259;-0.045687;0.155024
4550;-0.016295;-0.071521;-0.108377;0.029628;-0.058002;0.144382;0.035905;0.005529;-0.109410;0.097668
4560;0.070339;0.123944;0.121886;0.049008;-0.043032;-0.057318;-0.039051;0.041451;0.130770;0.011816
4570;0.308553;0.059556;-0.210705;0.083771;-0.140844;-0.084135;-0.285310;0.061994;0.179080;0.104396
4580;-0.066353;0.022631;-0.069265;0.024123;0.076106;-0.144070;0.004336;-0.043787;-0.066963;0.101111
4590;0.036946;0.106823;-0.004747;0.170791;-0.026439;0.161283;-0.166835;0.202321;-0.058626;-0.013775
4600;-0.025421;0.102874;0.065302;-0.058874;0.090779;-0.118193;-0.010656;0.001577;0.037408;-0.088163
4610;-0.001192;-0.099235;0.081491;-0.063983;-0.014978;-0.043767;0.045363;0.099019;-0.027564;0.027939
4620;-0.032963;-0.085671;0.055775;0.156834;-0.161860;0.107649;0.092737;0.078462;0.010633;-0.120356
4630;0.161674;0.017074;-0.024133;0.064390;-0.083997;0.052436;-0.005916;0.152269;0.271698;-0.014167
4640;0.046890;0.059540;-0.128653;-0.129514;0.007895;-0.062678;-0.176714;-0.177483;-0.016146;-0.128707
4650;-0.011932;-0.013491;-0.113539;-0.129955;-0.011832;-0.096640;-0.009475;0.070961;0.100319;0.070821
4660;-0.009136;-0.184061;0.087369;-0.092391;-0.136187;-0.099657;-0.076166;0.145833;0.011827;-0.095580
4670;-0.048854;0.034907;-0.058953;-0.028847;-0.001973;-0.025649;0.059658;0.144284;0.082673;0.048340
4680;0.020270;0.020228;0.011075;-0.034783;-0.076098;0.089816;0.060813;0.022487;-0.073653;-0.058602
4690;-0.099393;-0.017062;-0.123419;-0.158781;-0.002762;0.032724;0.013035;-0.101398;0.209412;0.009828
4700;-0.055623;-0.081398;-0.024125;0.123240;-0.066291;0.051637;-0.048534;0.130603;-0.177531;0.005510
4710;0.070351;0.022213;0.040767;0.144205;-0.028794;0.050869;-0.029981;0.029990;0.008266;-0.075505
4720;0.042563;-0.074219;0.024146;0.092825;-0.075757;0.134782;0.018547;-0.009866;0.053946;-0.232040
4730;-0.045328;-0.197228;0.015437;0.075948;0.017372;0.091464;-0.024468;-0.036670;-0.104601;0.112418
4740;-0.025035;0.065075;-0.135849;0.039176;0.033152;-0.014197;0.044983;0.141268;-0.043289;-0.077041
4750;-0.011943;0.182208;0.064970;0.065207;-0.146122;-0.008280;-0.049663;-0.103890;-0.304520;0.065298
4760;0.104175;-0.022243;0.044757;-0.073151;0.110981;-0.035862;0.059568;-0.143405;0.062178;0.123509
4770;0.248594;-0.059976;-0.013471;-0.293476;0.094296;0.036260;0.067065;0.059669;-0.224072;0.097084
4780;-0.050105;-0.046880;-0.013875;0.171590;0.015798;-0.109611;0.001971;0.172221;-0.076386;-0.061715
4790;-0.120204;0.106404;-0.133541;0.036400;0.007503;-0.001972;0.005516;-0.088158;0.100353;0.021249
4800;0.041407;-0.091365;-0.055525;-0.057348;0.125556;0.043768;-0.035453;0.158477;-0.005119;-0.046412
4810;0.041457;0.079394;0.018250;-0.090208;0.157912;0.241192;0.072550;0.031216;-0.060602;-0.097900
4820;0.104188;-0.214157;0.151388;0.144358;-0.026449;0.052467;0.174623;-0.195483;-0.031098;0.178965
4830;0.151394;-0.030575;0.068962;0.178129;-0.007500;0.090721;-0.220748;0.060445;0.105954;0.059772
4840;0.085208;0.074731;0.123995;0.110443;-0.106584;0.195962;0.033908;-0.117225;-0.054724;0.072409
4850;0.014809;-0.085430;-0.019800;0.087057;0.038670;-0.112058;0.044917;0.044616;-0.034262;0.080629
4860;-0.146989;0.044914;-0.177537;0.016613;0.093165;-0.081241;-0.009464;0.206421;0.088251;0.025970
4870;0.063324;0.038135;0.010299;-0.151129;0.075089;0.044975;-0.191680;-0.128674;-0.103997;0.088892
4880;-0.065810;0.175181;0.040415;0.022565;0.129634;0.067842;-0.022442;0.016578;0.105981;-0.041676
4890;0.018840;0.080282;-0.010308;0.097336;-0.095613;-0.007884;0.004729;0.267516;0.359833;-0.096314
4900;0.058535;0.001985;-0.004753;0.018196;0.042295;-0.059578;-0.205537;-0.184952;0.006309;-0.113327
4910;-0.197141;0.089258;0.141120;-0.034787;0.013833;-0.151150;0.110379;0.123018;-0.086332;-0.068805
4920;0.001602;-0.049627;0.057877;0.071992;0.142310;-0.019332;0.046108;0.118373;0.033109;0.051519
4930;-0.163756;0.177683;0.126781;-0.038331;-0.003556;0.108534;-0.051642;-0.009867;-0.085215;-0.106150
4940;-0.027613;0.030159;-0.083168;0.129582;-0.114923;-0.007900;0.006303;0.286815;-0.032756;0.023201
4950;-0.024425;0.092074;0.073264;0.054901;-0.010658;0.129091;-0.096507;-0.077292;0.025643;-0.203043
4960;-0.160112;0.106324;-0.004356;0.103566;-0.072668;0.034333;-0.022868;0.011439;-0.204636;0.114464
4970;-0.079373;0.083273;0.120745;0.086480;0.083334;0.026062;0.101699;0.237891;-0.099744;0.028714
4980;0.081462;-0.021420;0.144063;0.113640;-0.016187;0.082976;0.019711;-0.115645;0.108799;0.018105
4990;-0.057402;-0.091665;0.033248;-0.204164;0.157438;-0.081863;0.029164;0.029230;0.006307;-0.036596
5000;0.081491;-0.059472;-0.004753;0.074600;0.069829;0.045849;0.154167;0.148969;-0.110423;0.012978
